,Last Name,First Name,height,weight,bmi
0,Bacot,Armando,82,240,25.09029529717895
1,Davis,RJ,72,180,24.40786249685059
2,Cadeau,Elliot,73,180,23.743734130920142
